{
  "Data Science": {
    "python": 1.0,
    "java": 0.4,
    "sql": 0.5,
    "html": 0.3,
    "machine learning": 0.9,
    "deep learning": 0.5,
    "pandas": 0.3,
    "numpy": 0.3,
    "regression": 0.3,
    "classification": 0.4,
    "time series": 0.3,
    "mysql": 0.4,
    "tableau": 0.4,
    "excel": 0.3,
    "r": 0.3,
    "communication": 0.3
  },
  "HR": {
    "communication": 0.2727272727272727
  },
  "Advocate": {},
  "Arts": {
    "communication": 0.3333333333333333
  },
  "Web Designing": {
    "java": 0.8,
    "javascript": 0.8,
    "rust": 0.4,
    "html": 0.8,
    "angular": 0.4,
    "bootstrap": 0.8,
    "php": 0.4,
    "mysql": 0.4
  },
  "Mechanical Engineer": {
    "r": 0.4
  },
  "Sales": {
    "ms office": 0.6,
    "communication": 0.6,
    "presentation": 0.4
  },
  "Health and fitness": {
    "communication": 0.3333333333333333
  },
  "Civil Engineer": {
    "excel": 0.3333333333333333,
    "ms office": 0.3333333333333333
  },
  "Java Developer": {
    "java": 1.0,
    "javascript": 0.5,
    "sql": 0.42857142857142855,
    "angular": 0.2857142857142857,
    "linux": 0.2857142857142857,
    "oracle": 0.5,
    "html": 0.42857142857142855,
    "css": 0.2857142857142857,
    "mysql": 0.42857142857142855,
    "apache": 0.21428571428571427
  },
  "Business Analyst": {
    "sql": 0.2857142857142857,
    "java": 0.42857142857142855,
    "javascript": 0.21428571428571427,
    "html": 0.42857142857142855,
    "regression": 0.42857142857142855,
    "linux": 0.21428571428571427,
    "communication": 0.42857142857142855,
    "problem solving": 0.21428571428571427,
    "excel": 0.8571428571428571,
    "powerpoint": 0.6428571428571429,
    "jira": 0.21428571428571427,
    "rust": 0.21428571428571427,
    "agile": 0.21428571428571427,
    "scrum": 0.21428571428571427,
    "presentation": 0.21428571428571427,
    "ms office": 0.21428571428571427,
    "prototyping": 0.21428571428571427,
    "php": 0.21428571428571427
  },
  "SAP Developer": {
    "sql": 0.5,
    "sap": 1.0,
    "excel": 0.3333333333333333
  },
  "Automation Testing": {
    "communication": 0.38461538461538464,
    "scrum": 0.38461538461538464,
    "excel": 0.46153846153846156,
    "jira": 0.38461538461538464,
    "java": 0.5384615384615384,
    "javascript": 0.38461538461538464,
    "sql": 0.46153846153846156,
    "html": 0.46153846153846156,
    "regression": 0.7692307692307693,
    "jenkins": 0.38461538461538464,
    "python": 0.3076923076923077,
    "linux": 0.3076923076923077,
    "mysql": 0.3076923076923077,
    "oracle": 0.38461538461538464,
    "sql server": 0.38461538461538464,
    "agile": 0.3076923076923077,
    "compliance": 0.3076923076923077,
    "apache": 0.3076923076923077,
    "critical thinking": 0.3076923076923077
  },
  "Electrical Engineering": {
    "communication": 0.4,
    "excel": 0.4,
    "problem solving": 0.4
  },
  "Operations Manager": {
    "go": 0.25,
    "rust": 0.25,
    "scala": 0.25,
    "r": 0.5,
    "sql": 0.25,
    "sql server": 0.25,
    "project management": 0.5,
    "presentation": 0.25,
    "negotiation": 0.5,
    "mentoring": 0.25,
    "excel": 0.5,
    "six sigma": 0.25,
    "compliance": 0.5,
    "perl": 0.25,
    "leadership": 0.25,
    "communication": 0.5,
    "problem solving": 0.25,
    "time management": 0.25,
    "decision making": 0.25,
    "ms office": 0.25,
    "teamwork": 0.25,
    "sap": 0.25
  },
  "Python Developer": {
    "python": 1.0,
    "java": 0.3333333333333333,
    "html": 0.6666666666666666,
    "css": 0.3333333333333333,
    "django": 0.6666666666666666,
    "numpy": 0.6666666666666666,
    "mysql": 0.8333333333333334,
    "mongodb": 0.3333333333333333,
    "communication": 0.3333333333333333,
    "agile": 0.3333333333333333,
    "rest api": 0.3333333333333333,
    "excel": 0.3333333333333333
  },
  "DevOps Engineer": {
    "python": 0.6545454545454545,
    "sql": 0.6727272727272727,
    "html": 0.6545454545454545,
    "aws": 0.6545454545454545,
    "azure": 0.32727272727272727,
    "linux": 0.6181818181818182,
    "lambda": 0.3090909090909091,
    "ec2": 0.32727272727272727,
    "cloudformation": 0.3090909090909091,
    "mysql": 0.6363636363636364,
    "oracle": 0.34545454545454546,
    "sql server": 0.34545454545454546,
    "communication": 0.32727272727272727,
    "java": 0.6545454545454545,
    "javascript": 0.34545454545454546,
    "matlab": 0.32727272727272727,
    "css": 0.32727272727272727,
    "encryption": 0.3090909090909091,
    "ansible": 0.3090909090909091,
    "jenkins": 0.32727272727272727,
    "ci/cd": 0.32727272727272727,
    "apache": 0.3090909090909091
  },
  "Network Security Engineer": {
    "problem solving": 0.4,
    "cisco": 0.8,
    "itil": 0.4,
    "firewall": 1.0,
    "communication": 0.4
  },
  "PMO": {
    "scala": 1.0,
    "leadership": 0.3333333333333333,
    "communication": 1.0,
    "project management": 1.0,
    "time management": 0.3333333333333333,
    "decision making": 0.3333333333333333,
    "excel": 0.6666666666666666,
    "ms office": 0.3333333333333333,
    "compliance": 0.6666666666666666,
    "go": 0.3333333333333333,
    "perl": 0.3333333333333333,
    "vite": 0.3333333333333333,
    "powerpoint": 0.3333333333333333,
    "confluence": 0.3333333333333333,
    "sap": 0.3333333333333333,
    "itil": 0.3333333333333333
  },
  "Database": {
    "sql": 0.8181818181818182,
    "linux": 0.7272727272727273,
    "postgresql": 0.2727272727272727,
    "oracle": 0.8181818181818182,
    "sql server": 0.5454545454545454,
    "hive": 0.2727272727272727
  },
  "Hadoop": {
    "python": 0.5714285714285714,
    "java": 0.7142857142857143,
    "scala": 1.0,
    "sql": 0.7142857142857143,
    "nosql": 0.2857142857142857,
    "aws": 0.2857142857142857,
    "linux": 0.5714285714285714,
    "apache": 0.5714285714285714,
    "mysql": 0.5714285714285714,
    "oracle": 0.7142857142857143,
    "hadoop": 1.0,
    "data lake": 0.2857142857142857,
    "hive": 1.0,
    "pig": 0.7142857142857143,
    "communication": 0.2857142857142857,
    "tableau": 0.2857142857142857,
    "etl": 0.2857142857142857,
    "data warehouse": 0.42857142857142855,
    "html": 0.42857142857142855
  },
  "ETL Developer": {
    "sql": 1.0,
    "sql server": 0.4,
    "etl": 1.0,
    "data warehouse": 0.8,
    "agile": 0.4,
    "jira": 0.4,
    "oracle": 0.4,
    "communication": 0.6
  },
  "DotNet Developer": {
    "java": 0.7142857142857143,
    "javascript": 0.7142857142857143,
    "sql": 0.8571428571428571,
    "html": 0.8571428571428571,
    "css": 0.5714285714285714,
    "bootstrap": 0.42857142857142855,
    "sql server": 0.8571428571428571,
    "asp.net": 0.7142857142857143,
    "angular": 0.42857142857142855,
    "presentation": 0.2857142857142857
  },
  "Blockchain": {
    "php": 0.4,
    "react": 0.6,
    "angular": 0.6,
    "mysql": 0.6,
    "postgresql": 0.4,
    "java": 0.6,
    "html": 0.4,
    "perl": 0.4
  },
  "Testing": {
    "java": 0.2857142857142857,
    "excel": 0.2857142857142857,
    "assembly": 0.2857142857142857
  }
}