{
  "global_top20_words": [
    [
      "java developer",
      0.004732375848723938
    ],
    [
      "sql",
      0.004803920308555178
    ],
    [
      "month",
      0.004942784313497654
    ],
    [
      "exprience",
      0.004953816534028981
    ],
    [
      "web",
      0.005312163136278557
    ],
    [
      "testing",
      0.005525964180173583
    ],
    [
      "pune",
      0.005602749554678575
    ],
    [
      "science",
      0.005702168579550317
    ],
    [
      "engineering",
      0.005754811642761783
    ],
    [
      "engineer",
      0.006011679646593939
    ],
    [
      "year",
      0.006396856045967342
    ],
    [
      "data",
      0.006432383560136184
    ],
    [
      "january",
      0.006674229217033381
    ],
    [
      "java",
      0.007165256689461705
    ],
    [
      "mumbai",
      0.007322331238758167
    ],
    [
      "electrical",
      0.007381425096237454
    ],
    [
      "year month",
      0.008123544831067583
    ],
    [
      "python",
      0.00978388558071819
    ],
    [
      "exprience year",
      0.01089888273860839
    ],
    [
      "developer",
      0.01159999287962175
    ]
  ],
  "handcrafted_importance": [
    [
      "word_count",
      0.02073589129092805
    ],
    [
      "char_count",
      0.021406124789138864
    ],
    [
      "skill_count",
      0.028338643651458172
    ],
    [
      "education_score",
      0.016281723934611577
    ],
    [
      "years_exp",
      0.004309109802319052
    ],
    [
      "has_email",
      8.655576803422506e-05
    ],
    [
      "has_phone",
      0.001540474039624288
    ],
    [
      "has_linkedin",
      0.00010514241371316979
    ],
    [
      "has_github",
      0.0001807289620943561
    ],
    [
      "has_education",
      0.005461772465481376
    ],
    [
      "has_experience",
      0.0038212472799297958
    ],
    [
      "has_skills",
      0.0017064691576103993
    ],
    [
      "has_projects",
      0.0059553601099110315
    ],
    [
      "has_summary",
      0.0006964797671919602
    ]
  ],
  "lr_accuracy": 0.979381443298969,
  "rf_accuracy": 0.9896907216494846,
  "methods_used": [
    "SHAP LinearExplainer",
    "SHAP TreeExplainer",
    "LIME"
  ]
}