Model,Type,Accuracy,F1-Score
Best TF-IDF (Linear SVM),Baseline,1.0,1.0
Best SBERT (SVM + SBERT),Baseline,0.9896907216494846,0.9899584951131343
BiLSTM + Attention,Deep Learning,0.9896907216494846,0.9895657606997813
Multi-Task Scorer,Deep Learning,0.9896907216494846,0.9902530459231491
